Position,Artist Name,Song Name,Days,Top 10 (xTimes),Peak Position,Peak Position (xTimes),Peak Streams,Total Streams
1,Post Malone ,Sunflower  SpiderMan: Into the SpiderVerse,1506,302.0,1,(x29),2118242,883369738
2,Juice WRLD ,Lucid Dreams,1673,178.0,1,(x20),2127668,864832399
3,Lil Uzi Vert ,XO TOUR Llif3,1853,212.0,1,(x4),1660502,781153024
4,J. Cole ,No Role Modelz,2547,6.0,7,0,659366,734857487
5,Post Malone ,rockstar,1223,186.0,1,(x124),2905678,718865961
6,Travis Scott ,goosebumps,1995,4.0,8,0,977275,672972704
7,The Weeknd ,Blinding Lights,1100,233.0,1,(x11),2355059,644287953
8,XXXTENTACION ,Jocelyn Flores,1673,44.0,2,(x1),3175206,624457164
9,XXXTENTACION ,SAD!,1217,133.0,1,(x6),4437612,619879245
10,Juice WRLD ,All Girls Are The Same,1681,2.0,5,0,1239152,613872384
11,Kendrick Lamar ,HUMBLE.,1175,152.0,1,(x67),4060034,606305588
12,Post Malone ,Circles,1172,163.0,1,(x38),3441328,598521764
13,Travis Scott ,SICKO MODE,1046,190.0,1,(x19),4129691,586638599
14,Lil Baby ,Drip Too Hard (Lil Baby & Gunna),1453,122.0,1,(x6),1759294,583443174
15,Post Malone ,Congratulations,1215,136.0,5,0,1263208,546036924
16,Post Malone ,I Fall Apart,1278,132.0,2,(x14),1275320,543144261
17,Glass Animals ,Heat Waves,763,248.0,1,(x34),1230046,540754791
18,Drake ,God's Plan,634,139.0,1,(x70),4739798,534994242
19,Roddy Ricch ,The Box,650,197.0,1,(x85),3781452,504210201
20,J. Cole ,MIDDLE CHILD,1119,106.0,1,(x16),3800251,481985952
21,XXXTENTACION ,Fck Love,1406,9.0,5,0,2438715,473417295
22,Post Malone ,Better Now,862,72.0,1,(x8),3467168,463551468
23,Drake ,One Dance,772,187.0,1,(x103),2767175,454267392
24,Olivia Rodrigo ,good 4 u,547,187.0,1,(x53),4974833,454100610
25,Juice WRLD ,Robbery,1086,38.0,2,(x2),1724447,443773199
26,Billie Eilish ,lovely,1250,0.0,18,0,733267,437911914
27,Joji ,SLOW DANCING IN THE DARK,1496,0.0,26,0,661274,437333177
28,XXXTENTACION ,Moonlight,923,57.0,2,(x2),3167290,431568186
29,Offset ,Ric Flair Drip (& Metro Boomin),1065,86.0,4,0,1040394,427614856
30,The Kid LAROI ,Stay,531,271.0,1,(x45),2345292,426712325
31,Lewis Capaldi ,Someone You Loved,952,40.0,5,0,1118953,410725370
32,Harry Styles ,Watermelon Sugar,988,65.0,3,(x3),1609066,409073262
33,Post Malone ,Wow.,699,115.0,1,(x6),2317682,405812776
34,Khalid ,Location,999,29.0,9,0,958542,403645089
35,The Neighbourhood ,Sweater Weather,1050,0.0,12,0,671844,400804036
36,Lil Baby ,Yes Indeed,970,43.0,2,(x9),1838350,400193604
37,The Chainsmokers ,Closer,696,158.0,1,(x70),2504045,397735618
38,Post Malone ,Psycho,607,107.0,1,(x1),3261937,396525691
39,The Weeknd ,The Hills,1243,194.0,1,(x6),1147436,392023505
40,Dua Lipa ,Levitating,738,113.0,3,(x3),1284080,387860108
41,Billie Eilish ,bad guy,652,108.0,1,(x20),2931099,385813103
42,Morgan Wallen ,Whiskey Glasses,1324,0.0,33,0,447546,385368118
43,Olivia Rodrigo ,drivers license,613,99.0,1,(x46),6145601,381085710
44,Doja Cat ,Kiss Me More,550,151.0,1,(x11),1846647,376965422
45,DaBaby ,ROCKSTAR,549,164.0,1,(x65),1975668,373388283
46,Lil Nas X ,INDUSTRY BABY,472,267.0,1,(x42),2492612,373383279
47,The Weeknd ,Starboy,785,141.0,1,(x29),2070596,368997138
48,Childish Gambino ,Redbone,1075,42.0,8,0,950460,363834232
49,Lil Mosey ,Blueberry Faygo,603,152.0,2,(x12),1428849,355016723
50,Meek Mill ,Going Bad,638,117.0,2,(x10),1719834,349994217
51,Khalid ,Young Dumb & Broke,904,69.0,5,0,1045479,349563888
52,Harry Styles ,As It Was,273,203.0,1,(x40),5953134,348668080
53,Ed Sheeran ,Shape of You,618,96.0,1,(x48),2156546,348283656
54,Ariana Grande ,7 rings,559,72.0,1,(x34),3961641,332694161
55,Billie Eilish ,when the party's over,787,9.0,5,0,1592762,331192577
56,Kendrick Lamar ,LOVE. FEAT. ZACARI.,814,25.0,5,0,2063209,329243971
57,Cardi B ,I Like It,548,98.0,2,(x1),1636133,329059657
58,Lizzo ,Truth Hurts,535,161.0,2,(x3),1400026,321459791
59,Halsey ,Without Me,617,113.0,5,0,1345243,320826979
60,Logic ,18002738255,590,111.0,1,(x10),1559318,320245347
61,Bebe Rexha ,Meant to Be,801,0.0,15,0,787868,318478528
62,Ariana Grande ,thank u next,463,93.0,1,(x42),4190968,317987550
63,BlocBoy JB ,Look Alive,495,98.0,2,(x4),1802950,316629241
64,Marshmello ,Happier,650,28.0,5,0,1201728,316018345
65,James Arthur ,Say You Won't Let Go,1083,0.0,14,0,664830,315132103
66,Arizona Zervas ,ROXANNE,536,123.0,1,(x23),1676128,314843202
67,24kGoldn ,Mood,547,165.0,1,(x2),1633022,314504480
68,Drake ,Nice For What,467,93.0,1,(x32),3183067,313324663
69,blackbear ,hot girl bummer,742,45.0,5,0,1032214,312411378
70,Mariah Carey ,All I Want for Christmas Is You,426,162.0,1,(x15),3987998,312323662
71,benny blanco ,Eastside,672,15.0,7,0,1071306,308890413
72,Juice WRLD ,Bandit,670,97.0,2,(x4),1749825,307048160
73,Future ,Life Is Good,601,57.0,2,(x33),2873235,305783118
74,YNW Melly ,Murder On My Mind,771,43.0,4,0,1483131,305306060
75,Olivia Rodrigo ,deja vu,562,106.0,2,(x20),2794828,304638969
76,Polo G ,RAPSTAR,519,84.0,1,(x22),2691084,299470033
77,Luke Combs ,Beautiful Crazy,1123,0.0,54,0,435905,298483119
78,21 Savage ,Bank Account,553,139.0,1,(x20),1320772,298320136
79,Drake ,Wants and Needs,645,25.0,2,(x10),3489465,297154583
80,Cardi B ,WAP,417,112.0,1,(x64),3030510,296670667
81,Travis Scott ,HIGHEST IN THE ROOM,602,69.0,1,(x21),3939490,295198938
82,Lil Tecca ,Ransom,465,110.0,1,(x26),1833927,292578295
83,Sheck Wes ,Mo Bamba,421,115.0,1,(x7),1709407,289673118
84,Post Malone ,White Iverson,1069,45.0,7,0,613541,288882157
85,Drake ,In My Feelings,348,83.0,1,(x37),4805299,288633458
86,Lil Nas X ,MONTERO (Call Me By Your Name),410,123.0,1,(x11),2378862,288187067
87,French Montana ,Unforgettable,501,136.0,1,(x7),1275953,287042302
88,Drake ,Nonstop,478,69.0,1,(x7),5749019,286786239
89,Post Malone ,Candy Paint,717,42.0,4,0,1836069,286217712
90,DRAM ,Broccoli,646,141.0,3,(x16),1079595,285106532
91,Dua Lipa ,Don't Start Now,646,47.0,4,0,1220899,284754771
92,Juice WRLD ,Come & Go,644,73.0,1,(x4),3220828,280531842
93,Juice WRLD ,Wishing Well,625,65.0,1,(x6),2817191,277821416
94,DaBaby ,BOP,622,76.0,1,(x1),1601147,277705797
95,Lil Uzi Vert ,20 Min,1012,0.0,45,0,401156,277454899
96,Travis Scott ,BUTTERFLY EFFECT,682,18.0,9,0,1568959,276763296
97,Brenda Lee ,Rockin' Around The Christmas Tree,340,113.0,1,(x30),5771662,276529912
98,Drake ,Knife Talk,471,91.0,2,(x3),3908883,275693546
99,Pop Smoke ,For The Night,512,116.0,2,(x2),1450903,274720487
100,Drake ,Fake Love,525,121.0,1,(x15),1527349,274318587
101,Internet Money ,Lemonade,517,138.0,1,(x11),1437460,273391855
102,Tyga ,Taste,486,54.0,3,(x1),1484893,272293130
103,Future ,Mask Off,441,107.0,2,(x29),1768762,271944410
104,Olivia Rodrigo ,traitor,522,56.0,3,(x15),2709147,271379624
105,DaBaby ,Suge,516,51.0,3,(x4),1224726,270915921
106,SZA ,Good Days,604,83.0,1,(x3),1387122,270125295
107,Doja Cat ,Need To Know,460,72.0,3,(x3),1245936,268475081
108,Drake ,Money In The Grave (Drake ft. Rick Ross),467,79.0,1,(x6),2024475,265919957
109,Mustard ,Ballin',656,4.0,10,0,986414,265117682
110,Bryson Tiller ,Don't,1008,37.0,7,0,649135,264444220
111,Harry Styles ,Adore You,633,18.0,1,(x1),1809594,264055553
112,Imagine Dragons ,Believer,745,5.0,9,0,898836,263375966
113,Lauv ,I Like Me Better,930,0.0,30,0,571396,263177728
114,Migos ,Bad and Boujee,491,98.0,1,(x32),1816754,262086852
115,KYLE ,iSpy,512,106.0,2,(x8),1336415,262041081
116,Luis Fonsi ,Despacito  Remix,344,125.0,1,(x47),2129981,260702344
117,Kodak Black ,ZEZE,402,103.0,1,(x16),2823276,260612786
118,Lil Uzi Vert ,The Way Life Goes,834,21.0,4,0,1232419,260565170
119,Khalid ,Better,519,14.0,7,0,1413872,259760668
120,Sam Hunt ,Body Like A Back Road,703,0.0,12,0,790758,259538408
121,A Boogie Wit da Hoodie ,Swervin,564,37.0,6,0,1154453,258648283
122,Imagine Dragons ,Thunder,724,0.0,16,0,723572,257758821
123,Tones And I ,Dance Monkey,539,23.0,6,0,1022885,256274759
124,The Chainsmokers ,Don't Let Me Down,568,141.0,4,0,981448,251672744
125,Polo G ,Pop Out,647,25.0,8,0,1046233,251658876
126,Chris Brown ,No Guidance,550,53.0,3,(x1),1259463,250362082
127,Drake ,Passionfruit,622,51.0,1,(x13),2811262,249576463
128,Steve Lacy ,Dark Red,513,0.0,11,0,649193,249198471
129,Juice WRLD ,Armed And Dangerous,756,10.0,9,0,1170042,248991383
130,Camila Cabello ,Havana,484,99.0,2,(x6),1184798,247086289
131,Morgan Wallen ,Wasted On You,687,10.0,1,(x1),1232815,246675467
132,Drake ,Laugh Now Cry Later,449,89.0,2,(x20),2600470,246389835
133,Bruno Mars ,That's What I Like,517,78.0,3,(x3),1236698,245642565
134,Kendrick Lamar ,DNA.,451,69.0,2,(x15),3633524,242841173
135,The Weeknd ,Save Your Tears,692,49.0,2,(x4),1465508,242055670
136,Polo G ,Martin & Gina,702,0.0,21,0,553876,241128929
137,The Weeknd ,Die For You,682,1.0,10,0,820834,240869086
138,Eminem ,Godzilla,665,28.0,2,(x5),2573682,240271807
139,Big Sean ,Bounce Back,531,79.0,3,(x7),1388544,239157563
140,Steve Lacy ,Bad Habit,183,136.0,1,(x66),1691327,239087671
141,Jack Harlow ,WHATS POPPIN,519,89.0,2,(x12),1248272,238356467
142,XXXTENTACION ,Everybody Dies In Their Nightmares,772,3.0,6,0,2023396,238214306
143,Desiigner ,Panda,518,109.0,1,(x6),1652864,237739871
144,Shawn Mendes ,Señorita,400,77.0,1,(x26),1948638,236868842
145,Fleetwood Mac ,Dreams  2004 Remaster,781,17.0,6,0,1032229,236167945
146,Cardi B ,Bodak Yellow,489,79.0,2,(x6),1383846,235788390
147,Bobby Helms ,Jingle Bell Rock,335,98.0,1,(x1),4516839,235335220
148,Drake ,Jumpman,584,134.0,2,(x2),929883,235129660
149,Trevor Daniel ,Falling,455,76.0,4,0,1101319,234818302
150,Bad Bunny ,DÁKITI,596,42.0,1,(x6),1499819,234636216
151,Rihanna ,Needed Me,494,154.0,2,(x3),1018495,233794067
152,5 Seconds of Summer ,Youngblood,608,0.0,12,0,944436,233302902
153,The Killers ,Mr. Brightside,877,0.0,35,0,407790,232977345
154,Baby Keem ,family ties,487,29.0,3,(x1),1422177,232461442
155,Doja Cat ,Woman,489,26.0,7,0,864796,232370353
156,Arctic Monkeys ,505,692,0.0,13,0,510329,231800625
157,Lil Nas X ,Old Town Road  Remix,317,95.0,1,(x30),3113535,229868299
158,DJ Khaled ,I'm the One,332,112.0,2,(x29),2427536,227464533
159,Drake ,Hotline Bling,555,150.0,1,(x28),1506243,226915487
160,A Boogie Wit da Hoodie ,Drowning,591,0.0,18,0,674840,225834058
161,XXXTENTACION ,changes,560,7.0,4,0,2449891,225063813
162,Machine Gun Kelly ,my ex's best friend,596,3.0,9,0,891324,223702831
163,Bazzi ,Mine,510,51.0,3,(x4),1336329,223577524
164,Zedd ,The Middle,561,45.0,5,0,1159767,223370198
165,Justin Bieber ,Sorry,466,131.0,1,(x53),1783498,222779216
166,Conan Gray ,Heather,647,13.0,8,0,888848,222474626
167,Post Malone ,Goodbyes (Feat. Young Thug),329,91.0,1,(x7),2323437,220243023
168,XXXTENTACION ,Look At Me!,668,0.0,20,0,1035184,218130170
169,Bad Bunny ,Me Porto Bonito,237,154.0,2,(x27),1947674,217545422
170,J. Cole ,Wet Dreamz,1130,0.0,12,0,397175,217277232
171,Andy Williams ,It's the Most Wonderful Time of the Year,342,72.0,3,(x2),3837208,214480695
172,Jack Harlow ,WHATS POPPIN,444,77.0,6,0,1030175,212620780
173,Lewis Capaldi ,Before You Go,672,0.0,39,0,558202,211623667
174,Juice WRLD ,Lean Wit Me,671,1.0,8,0,992697,209772076
175,Tame Impala ,The Less I Know The Better,893,0.0,103,0,323134,209554986
176,G-Eazy,Eazy  Me Myself & I,513,148.0,2,(x12),997340,208480098
177,Bad Bunny ,Tití Me Preguntó,237,151.0,3,(x11),1885979,207857104
178,Twenty One Pilots ,Ride,708,65.0,4,0,824424,207848346
179,Kendrick Lamar ,All The Stars,404,78.0,2,(x10),1794893,207519025
180,Twenty One Pilots ,Stressed Out,706,90.0,3,(x2),835612,207439306
181,Billie Eilish ,Happier Than Ever,459,30.0,3,(x12),1688659,207031225
182,Aminé ,Caroline,537,77.0,6,0,861158,206635412
183,6ix9ine ,FEFE,271,66.0,2,(x20),2188635,206222122
184,Drake ,Too Good,359,150.0,2,(x19),1092508,205088227
185,Tyler The Creator ,EARFQUAKE,526,34.0,1,(x7),2210014,204484344
186,Khalid ,Love Lies,445,14.0,8,0,1088271,204075140
187,Justin Bieber ,Peaches,312,58.0,1,(x10),2181089,203494777
188,Kendrick Lamar ,Money Trees,726,0.0,38,0,481011,203375167
189,Young Thug ,The London,401,49.0,1,(x3),2397579,203093189
190,Future ,Low Life,604,0.0,11,0,670545,202769617
191,Panic! At The Disco ,High Hopes,535,0.0,12,0,862030,201888489
192,SAINt JHN ,Roses  Imanbek Remix,431,47.0,5,0,1009144,201135462
193,Powfu ,death bed,478,7.0,9,0,797933,200371352
194,Rae Sremmurd ,Black Beatles,384,82.0,1,(x21),2318636,200178133
195,Rihanna ,Work,408,91.0,1,(x62),1843176,199973584
196,Billie Eilish ,everything i wanted,435,42.0,1,(x4),2128318,199922212
197,Jonas Brothers ,Sucker,414,30.0,1,(x11),3105964,199695180
198,Rich The Kid ,Plug Walk,417,29.0,6,0,1341514,198858962
199,Justin Bieber ,Love Yourself,458,138.0,1,(x24),1333001,198773307
200,Migos ,Slippery,477,0.0,17,0,701264,197966789
201,21 Savage ,a lot,412,24.0,2,(x1),1525801,197950103
202,Flipp Dinero ,Leave Me Alone,418,12.0,10,0,997477,197450612
203,Dan + Shay ,Tequila,723,0.0,48,0,483056,196958667
204,Bryson Tiller ,Exchange,837,0.0,22,0,452260,196861471
205,Twenty One Pilots ,Heathens,410,100.0,3,(x34),1168637,195918435
206,Doja Cat ,Streets,477,57.0,3,(x12),1024708,195884808
207,Wham! ,Last Christmas,315,56.0,4,0,3525042,195381527
208,Jack Harlow ,First Class,231,77.0,1,(x11),5962326,195314542
209,Fetty Wap ,Trap Queen,622,159.0,1,(x31),844118,194792972
210,The Weeknd ,Can't Feel My Face,543,142.0,1,(x52),1053578,194406860
211,Bruno Mars ,Leave The Door Open,400,52.0,2,(x3),1765144,193296752
212,Kodak Black ,Roll In Peace,518,0.0,21,0,985417,192647458
213,The Neighbourhood ,Daddy Issues,705,0.0,50,0,359758,192551331
214,Morgan Wallen ,More Than My Hometown,697,0.0,18,0,698510,191448082
215,Gucci Mane ,Wake Up in the Sky,340,14.0,6,0,1070430,189926403
216,Marshmello ,Silence,468,16.0,7,0,958742,189144242
217,Michael Bublé ,It's Beginning to Look a Lot Like Christmas,357,38.0,3,(x1),2978474,187463596
218,Maroon 5 ,Girls Like You,383,20.0,6,0,1263800,186579571
219,Justin Bieber ,What Do You Mean?,413,153.0,1,(x24),1358577,185795808
220,The Weeknd ,Call Out My Name,471,21.0,1,(x6),3490888,185191010
221,BØRNS ,Electric Love,737,0.0,39,0,460526,185017224
222,NF ,Let You Down,480,4.0,9,0,829153,184436690
223,Fifth Harmony ,Work from Home,420,116.0,3,(x21),1004803,184122003
224,Drake ,Controlla,400,93.0,4,0,1020036,183609837
225,Morgan Wallen ,Chasin' You,687,0.0,47,0,412670,183121183
226,Ariana Grande ,Santa Tell Me,348,26.0,5,0,2847060,182490361
227,Ed Sheeran ,Thinking out Loud,792,118.0,1,(x3),665278,182153495
228,Pop Smoke ,What You Know Bout Love,422,44.0,5,0,945575,182024316
229,Lil Mosey ,Noticed,531,0.0,17,0,836165,181647697
230,Mike Posner ,I Took A Pill In Ibiza  Seeb Remix,442,91.0,2,(x1),912432,181197216
231,Ed Sheeran ,Perfect,488,0.0,11,0,931316,180975541
232,Ariana Grande ,no tears left to cry,384,5.0,6,0,1783330,180563889
233,Chance the Rapper ,No Problem,568,0.0,13,0,695093,180053419
234,Mustard ,Pure Water,396,0.0,11,0,905428,180042907
235,Dan + Shay ,Speechless,662,0.0,67,0,373102,179301739
236,The Chainsmokers ,Roses,520,94.0,5,0,772979,178699372
237,Khalid ,Talk,341,42.0,5,0,1284719,178662883
238,G,Eazy  No Limit,373,79.0,2,(x8),1151926,178639729
239,21 Savage ,X,555,0.0,14,0,597896,178576237
240,Surf Curse ,Freaks,556,0.0,29,0,466842,178535641
241,Demi Lovato ,Sorry Not Sorry,379,35.0,6,0,1009557,177157747
242,Billie Eilish ,bury a friend,364,16.0,3,(x2),2139874,176834584
243,Kodak Black ,Tunnel Vision,396,38.0,5,0,1173162,176688536
244,Surfaces ,Sunday Best,412,0.0,13,0,751886,176430872
245,Sleepy Hallow ,2055,454,12.0,7,0,826350,176244822
246,Dan + Shay ,10000 Hours,465,21.0,2,(x3),2073482,175930281
247,Migos ,Stir Fry,336,60.0,2,(x12),1499177,175630677
248,A Boogie Wit da Hoodie ,Look Back At It,366,22.0,8,0,1146596,175483878
249,Justin Bieber ,Intentions,328,42.0,2,(x1),1901883,175135180
250,Post Malone ,Go Flex,673,0.0,19,0,687250,174710816
251,The Walters ,I Love You So,431,38.0,7,0,683985,174547021
252,Ed Sheeran ,Bad Habits,350,49.0,7,0,1259918,174488164
253,A$AP Ferg ,Plain Jane,408,22.0,6,0,929255,174255086
254,Famous Dex ,PICK IT UP,421,0.0,13,0,800864,173990426
255,Major Lazer ,Lean On,588,142.0,2,(x7),681007,173817845
256,Elton John ,Cold Heart  PNAU Remix,408,1.0,9,0,683288,173542648
257,Dua Lipa ,New Rules,399,0.0,11,0,783946,173328947
258,Ed Sheeran ,Shivers,399,6.0,6,0,980767,173225595
259,Mac Miller ,The Spins,612,0.0,54,0,369869,173209349
260,Adele ,Easy On Me,246,73.0,1,(x29),5435431,173180228
261,Ariana Grande ,positions,333,69.0,1,(x25),2805107,172797966
262,Tate McRae ,you broke me first,503,0.0,16,0,664700,172703722
263,Kodak Black ,Super Gremlin,346,117.0,2,(x9),1054999,171909115
264,Lil Nas X ,Panini,249,67.0,1,(x2),2147076,171512571
265,Drake ,Way 2 Sexy,280,68.0,1,(x12),4962771,170202629
266,Roddy Ricch ,High Fashion,354,27.0,4,0,1118927,169149991
267,Ed Sheeran ,I Don't Care,323,54.0,1,(x7),3107778,168839409
268,Billie Eilish ,ocean eyes,623,0.0,61,0,410592,168543006
269,Tyler The Creator ,See You Again,565,0.0,24,0,499844,168256802
270,Migos ,Walk It Talk It,358,14.0,3,(x1),1584838,168214275
271,Lady Gaga ,Shallow,403,7.0,6,0,1310071,167883840
272,Drake ,Jimmy Cooks,195,107.0,1,(x1),3642078,166499191
273,Doja Cat ,Say So,308,51.0,2,(x1),1262821,165898476
274,Fetty Wap ,679,501,111.0,2,(x14),850028,165220739
275,Kali Uchis ,telepatía,395,44.0,3,(x8),1064644,164803198
276,Calboy ,Envy Me,440,0.0,22,0,669228,164149940
277,Justin Bieber ,Ghost,399,4.0,9,0,895735,163964781
278,Adele ,Hello,404,89.0,1,(x19),2758752,163937424
279,Joji ,Glimpse of Us,201,83.0,1,(x16),2474076,163315058
280,Burl Ives ,A Holly Jolly Christmas  Single Version,278,31.0,5,0,4242454,163198351
281,Julia Michaels ,Issues,414,0.0,11,0,959567,163082925
282,Kate Bush ,Running Up That Hill (A Deal With God),182,98.0,1,(x30),2430143,163034803
283,Migos ,TShirt,393,23.0,6,0,1068559,162318539
284,Giveon ,HEARTBREAK ANNIVERSARY,371,30.0,8,0,950623,162181516
285,ZAYN ,I Don’t Wanna Live Forever (Fifty Shades Darker),378,72.0,3,(x14),1195770,161895465
286,Drake ,Toosie Slide,239,79.0,1,(x20),2670968,161667752
287,Kanye West ,Father Stretch My Hands Pt. 1,607,12.0,4,0,855048,161479699
288,Zedd ,Stay,317,4.0,9,0,977390,161032066
289,Major Lazer ,Cold Water,274,99.0,1,(x10),1389715,160700352
290,Lil Nas X ,THATS WHAT I WANT,358,23.0,2,(x1),1896424,160369392
291,Future ,WAIT FOR U,243,24.0,2,(x1),1885004,160359546
292,Lil Uzi Vert ,Sanguine Paradise,382,30.0,6,0,1205774,160244733
293,Maroon 5 ,Memories,372,17.0,6,0,1118361,159686092
294,Lil Pump ,Gucci Gang,242,90.0,2,(x51),1574100,159368635
295,Lil Uzi Vert ,Money Longer,648,0.0,33,0,440383,159142673
296,DJ Snake ,Let Me Love You,300,107.0,3,(x16),1147152,158366154
297,Hailee Steinfeld ,Starving,423,36.0,9,0,765280,158320524
298,JP Saxe ,If The World Was Ending,520,0.0,43,0,444524,156928093
299,The Chainsmokers ,Something Just Like This,364,29.0,2,(x2),1478265,156839599
300,Olivia Rodrigo ,favorite crime,384,32.0,4,0,1886343,156762362
301,Chris Stapleton ,Tennessee Whiskey,747,0.0,34,0,440951,156707370
302,Gucci Mane ,I Get The Bag,335,13.0,7,0,931108,156184444
303,Masked Wolf ,Astronaut In The Ocean,290,58.0,4,0,1028047,155387513
304,Khalid ,Saturday Nights,391,0.0,13,0,965483,154969059
305,H.E.R. ,Best Part,635,0.0,53,0,483402,154582091
306,Rob $tone ,Chill Bill,442,4.0,10,0,686873,154052440
307,YNW Melly ,223's,325,45.0,4,0,1161395,152984591
308,Hozier ,Take Me To Church,644,147.0,1,(x58),669026,152777306
309,Ed Sheeran ,Beautiful People,309,39.0,3,(x1),1615072,152409919
310,Ariana Grande ,break up with your girlfriend i'm bored,235,49.0,1,(x4),3498779,152246486
311,Playboi Carti ,Magnolia,365,1.0,10,0,868222,151502606
312,Beach House ,Space Song,549,0.0,55,0,434347,151348745
313,JAY,Z  Ni**as In Paris,995,0.0,97,0,318805,151213181
314,Calvin Harris ,This Is What You Came For,288,106.0,2,(x1),975411,149620244
315,Ariana Grande ,34+35,291,63.0,1,(x5),2698854,148864140
316,Don Toliver ,After Party,400,0.0,11,0,768932,148828688
317,Lizzo ,About Damn Time,243,51.0,3,(x1),1276164,148776441
318,Calvin Harris ,Slide,281,15.0,8,0,967282,148615807
319,Juice WRLD ,Righteous,333,24.0,2,(x6),2690579,148152203
320,THE SCOTTS ,THE SCOTTS,237,70.0,1,(x13),3345119,147793519
321,The Kid LAROI ,WITHOUT YOU,338,33.0,6,0,769614,147434939
322,Young Thug ,pick up the phone,552,0.0,29,0,455209,146950542
323,Zach Bryan ,Something in the Orange,251,20.0,4,0,992100,146934063
324,Justin Timberlake ,"CAN'T STOP THE FEELING! (Original Song from DreamWorks Animation's ""TROLLS"")",437,60.0,5,0,936011,146405505
325,Shawn Mendes ,Stitches,535,82.0,5,0,668552,146222899
326,Pop Smoke ,Dior,532,0.0,15,0,793436,145804298
327,Doja Cat ,Ain't Sht,356,39.0,4,0,1413486,145660715
328,Lil Tjay ,Calling My Phone,301,61.0,1,(x8),1860203,145633110
329,Charlie Puth ,Attention,346,0.0,16,0,797196,145299789
330,Lil Skies ,Nowadays,441,0.0,24,0,626292,144878462
331,Doja Cat ,You Right,386,13.0,4,0,1574035,144688259
332,Drake ,Portland,331,26.0,2,(x5),2385233,144664417
333,Bing Crosby ,White Christmas,280,17.0,1,(x1),2836396,144606354
334,Harry Styles ,Late Night Talking,219,29.0,2,(x10),3721821,144096811
335,Jay Rock ,King's Dead,292,31.0,7,0,1146306,144088666
336,Cardi B ,Up,247,76.0,2,(x4),1133283,143743718
337,Bad Bunny ,MIA,287,22.0,2,(x5),2409584,143656931
338,Hailee Steinfeld ,Let Me Go,357,0.0,17,0,728233,143350902
339,The Weeknd ,I Feel It Coming,331,21.0,5,0,1157486,143319177
340,Sia ,Cheap Thrills,371,9.0,9,0,822906,142986096
341,SZA ,Love Galore,426,0.0,23,0,645447,142655912
342,Lukas Graham ,7 Years,414,79.0,2,(x8),972767,142277410
343,Morgan Wallen ,You Proof,230,6.0,9,0,1723507,141716685
344,gnash ,i hate u i love u,385,0.0,16,0,563858,141690287
345,Rae Sremmurd ,Swang,393,0.0,21,0,680384,141632137
346,Nat King Cole ,The Christmas Song (Merry Christmas To You),232,12.0,5,0,3214273,141071360
347,Dean Lewis ,Be Alright,453,0.0,19,0,671232,141016791
348,Post Malone ,I Like You (A Happier Song),208,96.0,2,(x1),2000190,140872042
349,Lil Xan ,Betrayed,374,0.0,21,0,669421,140250610
350,Yot Club ,YKWIM?,504,0.0,58,0,351933,139804345
351,Kendrick Lamar ,LOYALTY. FEAT. RIHANNA.,330,14.0,4,0,2725761,139730182
352,Sam Smith ,Dancing With A Stranger,328,3.0,10,0,1143794,138760630
353,Doja Cat ,Get Into It (Yuh),391,0.0,16,0,751498,138640495
354,Migos ,MotorSport,311,11.0,6,0,1088075,138467640
355,Carolina Gaitán ,La Gaita  We Don't Talk About Bruno,201,104.0,1,(x55),1486869,138398595
356,Harry Styles ,Falling,501,3.0,4,0,1454982,138072456
357,DJ Khaled ,Wild Thoughts,231,71.0,1,(x1),1578440,138033504
358,Lil Uzi Vert ,You Was Right,501,0.0,26,0,490509,138001040
359,Kiiara ,Gold,403,0.0,18,0,582552,137920503
360,Kanye West ,Heartless,439,0.0,38,0,463393,137403023
361,Luke Combs ,Forever After All,403,7.0,2,(x5),2346240,137048398
362,Mark Ronson ,Uptown Funk,531,127.0,1,(x56),778194,136885294
363,Frank Sinatra ,Let It Snow! Let It Snow! Let It Snow!,305,8.0,8,0,2646892,136448853
364,Y2K ,Lalala,321,0.0,11,0,820166,136394278
365,Ski Mask The Slump God ,Faucet Failure,415,0.0,25,0,671084,136293354
366,Jack Ü ,Where Are Ü Now,447,118.0,3,(x1),564731,135999812
367,Flo Rida ,My House,411,64.0,4,0,787490,135782448
368,Noah Cyrus ,July,509,0.0,56,0,438400,135753612
369,Lil Tjay ,F.N,442,0.0,23,0,703283,135359031
370,DJ Khaled ,POPSTAR,317,26.0,1,(x2),2013630,135192435
371,Saweetie ,Best Friend,299,1.0,10,0,732662,135156338
372,Bad Bunny ,Efecto,236,16.0,9,0,1315548,134743830
373,The Weeknd ,Save Your Tears,327,8.0,2,(x1),1723905,134482363
374,Ariana Grande ,Side To Side,332,75.0,5,0,875628,134449731
375,Bad Bunny ,Yonaguni,347,14.0,3,(x2),1727530,133665412
376,Liam Payne ,Strip That Down,311,0.0,11,0,770674,133182143
377,The Weeknd ,Earned It (Fifty Shades Of Grey),532,103.0,2,(x2),612611,132827332
378,Drake ,Fair Trade,301,33.0,2,(x2),5616734,132758753
379,Morgan Wallen ,Sand In My Boots,460,2.0,4,0,1020974,132664367
380,Trippie Redd ,Miss The Rage,349,8.0,3,(x6),1699784,132399703
381,Bruno Mars ,24K Magic,349,13.0,5,0,937406,132118188
382,Lil Nas X ,Old Town Road,175,50.0,1,(x2),2450954,132031403
383,ZAYN ,PILLOWTALK,297,84.0,1,(x10),1277421,131983424
384,BTS ,Dynamite,332,14.0,3,(x3),1824254,131917493
385,Kygo ,It Ain't Me,272,28.0,3,(x3),1169170,130487216
386,DaBaby ,VIBEZ,285,2.0,4,0,1371845,129872425
387,Russ ,Losin Control,512,0.0,58,0,379457,129835284
388,Portugal. The Man ,Feel It Still,331,0.0,13,0,756792,129571919
389,NEIKED ,Better Days (NEIKED x Mae Muller x Polo G),321,20.0,6,0,883029,129400161
390,Shawn Mendes ,Treat You Better,321,1.0,10,0,740821,129275991
391,Bad Bunny ,Moscow Mule,219,11.0,1,(x1),2582359,128972121
392,Cardi B ,Money,273,1.0,9,0,1148815,128812752
393,Morgan Wallen ,7 Summers,388,7.0,3,(x2),2269891,128247607
394,José Feliciano ,Feliz Navidad,222,11.0,6,0,3233033,128148147
395,Travis Scott ,YOSEMITE,320,4.0,7,0,2092634,127780533
396,Famous Dex ,JAPAN,299,0.0,11,0,1019372,127676006
397,Farruko ,Pepas,337,0.0,16,0,696956,127483860
398,Justin Bieber ,Mistletoe,295,0.0,13,0,1898014,127188550
399,THE ANXIETY ,Meet Me At Our Spot,281,21.0,8,0,852099,126861687
400,Polo G ,21,425,0.0,35,0,462532,126417091
401,Vance Joy ,Riptide,753,0.0,12,0,273070,126349492
402,DJ Snake ,Taki Taki,238,27.0,4,0,1308756,126096694
403,Grouplove ,Tongue Tied,525,0.0,100,0,284533,125880696
404,Diplo ,Heartless,444,0.0,53,0,436704,125811158
405,StaySolidRocky ,Party Girl,239,53.0,2,(x21),1169465,125662367
406,Taylor Swift ,AntiHero,69,46.0,1,(x14),7786096,124825787
407,Quality Control ,Baby (Lil Baby feat. DaBaby),308,0.0,14,0,779096,124162581
408,Billie Eilish ,idontwannabeyouanymore,400,0.0,40,0,516523,123991487
409,Queen ,Bohemian Rhapsody  Remastered 2011,420,0.0,36,0,537813,123761624
410,NLE Choppa ,Camelot,297,4.0,7,0,932296,123589568
411,Luke Combs ,When It Rains It Pours,565,0.0,84,0,306131,123431139
412,Flume ,Never Be Like You,357,0.0,14,0,604526,123343026
413,J Balvin ,LA CANCIÓN,443,0.0,30,0,626782,123298668
414,Lil Baby ,Woah,269,0.0,11,0,1046993,122876453
415,OneRepublic ,I Ain't Worried,206,36.0,6,0,847839,122488638
416,Playboi Carti ,Shoota,420,0.0,23,0,826235,122469617
417,2 Chainz ,It's A Vibe,403,0.0,35,0,543374,122067552
418,Doja Cat ,Vegas (From the Original Motion Picture Soundtrack ELVIS),234,29.0,7,0,922178,121176458
419,Juice WRLD ,Legends,418,2.0,4,0,1239344,121077739
420,Rae Sremmurd ,Powerglide,263,0.0,15,0,940053,120839941
421,XXXTENTACION ,Revenge,412,0.0,16,0,1119765,120698497
422,Ariana Grande ,God is a woman,227,26.0,4,0,1528413,120468984
423,Chris Brown ,Go Crazy,345,0.0,19,0,611457,120431219
424,Martin Garrix ,In the Name of Love,304,0.0,11,0,720257,120205635
425,Sam Smith ,Unholy,98,58.0,1,(x28),2488457,120201022
426,Pop Smoke ,Mood Swings,306,6.0,9,0,846397,119371547
427,The Chainsmokers ,Paris,224,45.0,3,(x1),1275674,119358756
428,Lil Skies ,Red Roses,365,0.0,36,0,532229,119331204
429,Wiz Khalifa ,See You Again,452,85.0,1,(x26),995751,119131650
430,Billie Eilish ,wish you were gay,271,16.0,2,(x2),2039013,119110503
431,Måneskin ,Beggin',231,29.0,4,0,1100134,118922920
432,DNCE ,Cake By The Ocean,420,0.0,14,0,546287,118801783
433,Kanye West ,Bound 2,361,0.0,20,0,606925,118764637
434,Travis Scott ,Antidote,535,0.0,12,0,509143,118146637
435,The Kid LAROI ,GO,350,0.0,12,0,833612,117833168
436,Post Malone ,Take What You Want,229,24.0,2,(x5),2796808,117464544
437,Michael Bublé ,Holly Jolly Christmas,266,0.0,13,0,2443625,117362413
438,Jordan Davis ,Buy Dirt,446,0.0,58,0,353342,117239640
439,Bad Bunny ,Ojitos Lindos,226,1.0,10,0,1230515,117064880
440,Cochise ,Tell Em,352,0.0,26,0,651174,116861554
441,Miguel ,Sky Walker,302,0.0,19,0,702194,116395947
442,Lil Peep ,Falling Down  Bonus Track,236,20.0,1,(x6),2158263,116066331
443,Kelly Clarkson ,Underneath the Tree,202,9.0,8,0,2346598,115764085
444,Lil Skies ,Lust,426,0.0,75,0,379237,115693481
445,The Weeknd ,Heartless,232,21.0,1,(x8),2634575,115431955
446,Ellie Goulding ,Hate Me,370,0.0,13,0,917238,115056947
447,Wallows ,Are You Bored Yet?,420,0.0,54,0,399406,114791296
448,Travis Scott ,STARGAZING,225,21.0,1,(x1),4244308,114669162
449,Ariana Grande ,Into You,305,1.0,10,0,710370,114250630
450,Eminem ,'Till I Collapse,771,0.0,41,0,431726,114132725
451,NLE Choppa ,Walk Em Down,246,0.0,12,0,730180,113510926
452,DJ Snake ,Middle,353,0.0,14,0,634100,113465863
453,Khalid ,OTW,294,0.0,17,0,915514,113437143
454,Taylor Swift ,You Need To Calm Down,250,22.0,1,(x1),2459661,113303615
455,Playboi Carti ,Sky,361,0.0,25,0,583880,113291304
456,Lil Wayne ,Sucker For Pain,344,0.0,12,0,704290,113258771
457,Maroon 5 ,What Lovers Do,227,4.0,7,0,925163,113203255
458,d4vd ,Romantic Homicide,149,48.0,2,(x1),1061087,112839982
459,Drake ,I'm Upset,170,26.0,4,0,3945109,112748287
460,GAYLE ,abcdefu,210,61.0,5,0,940468,112733991
461,Justin Bieber ,Holy,248,35.0,1,(x1),2020462,112093148
462,YNW Melly ,Suicidal,216,19.0,6,0,1113095,111505967
463,Post Malone ,Enemies,255,21.0,3,(x3),3198197,111333320
464,CJ ,Whoopty,230,58.0,3,(x3),834077,111327394
465,WILLOW ,Wait a Minute!,384,0.0,12,0,578328,111162304
466,Ed Sheeran ,Photograph,679,0.0,16,0,349617,111120972
467,A$AP Rocky ,Praise The Lord (Da Shine),281,3.0,5,0,1339872,110819424
468,21 Savage ,No Heart,382,0.0,18,0,559060,110613158
469,YG ,BIG BANK,267,0.0,21,0,870915,110251626
470,Billie Eilish ,Therefore I Am,237,15.0,1,(x7),1754735,109936841
471,Nio Garcia ,Te Boté  Remix,303,0.0,35,0,552785,109733059
472,Cardi B ,Bartier Cardi,221,35.0,3,(x6),1093964,109650225
473,Kid Cudi ,Pursuit Of Happiness (Nightmare),413,0.0,47,0,391076,109480124
474,J Balvin ,Mi Gente,238,28.0,7,0,867663,109423268
475,Ava Max ,Sweet but Psycho,320,0.0,30,0,590175,109220489
476,Walker Hayes ,Fancy Like,303,0.0,20,0,632758,109183937
477,Selena Gomez ,Lose You To Love Me,186,34.0,1,(x5),2659591,109150331
478,Olivia Rodrigo ,happier,228,29.0,5,0,2279399,109009363
479,Dean Martin ,Let It Snow! Let It Snow! Let It Snow!,187,7.0,7,0,3413764,108868445
480,Lil Durk ,Broadway Girls,291,11.0,4,0,1210147,108689365
481,Morgan Wallen ,Cover Me Up,437,0.0,23,0,664005,108508201
482,blackbear ,do re mi,373,0.0,26,0,628184,108380091
483,Sam Smith ,Stay With Me,548,127.0,1,(x2),442402,108129184
484,Shawn Mendes ,There's Nothing Holdin' Me Back,278,0.0,26,0,711457,107955518
485,Kanye West ,I Love It (& Lil Pump),175,32.0,1,(x11),1942212,107854141
486,Jeremih ,oui,419,0.0,21,0,528778,107730094
487,Camila Cabello ,Never Be the Same,236,8.0,5,0,1048100,107372683
488,Billie Eilish ,you should see me in a crown,325,3.0,7,0,1608603,107243178
489,Shawn Mendes ,If I Can't Have You,209,28.0,3,(x1),1474486,107192421
490,Yo Gotti ,Rake It Up,284,0.0,17,0,715011,107156568
491,Post Malone ,Ball For Me,215,6.0,8,0,2786889,107079418
492,Post Malone ,One Right Now,261,7.0,1,(x2),1830368,106856619
493,Olivia Rodrigo ,jealousy jealousy,256,4.0,9,0,1994138,106842027
494,Eminem ,Lucky You,207,28.0,1,(x9),2638639,106685258
495,Olivia Rodrigo ,brutal,211,21.0,2,(x1),2849969,106587197
496,Ali Gatie ,It's You,297,0.0,15,0,791346,106473404
497,Bazzi ,Beautiful,290,0.0,28,0,586218,105769712
498,Rich The Kid ,New Freezer,310,0.0,25,0,595266,105262051
499,Niall Horan ,Slow Hands,271,0.0,24,0,614747,105220848
500,Frank Ocean ,Lost,303,1.0,10,0,657541,105158717
501,Pooh Shiesty ,Back In Blood,283,7.0,9,0,718634,105011176
502,Maroon 5 ,Sugar,478,67.0,1,(x5),667233,104864460
503,Elvis Presley ,Blue Christmas,254,0.0,11,0,1959442,104768563
504,Lil Baby ,We Paid,283,10.0,9,0,824708,104746275
505,The Ronettes ,Sleigh Ride,188,1.0,10,0,2784468,104353068
506,Childish Gambino ,This Is America,157,29.0,1,(x13),2753489,103964722
507,Russ ,What They Want,537,0.0,56,0,299961,103833455
508,Lil Peep ,Star Shopping,416,0.0,88,0,316621,102969266
509,YNW Melly ,Mixed Personalities,225,0.0,12,0,894571,102953208
510,Sam Smith ,Too Good At Goodbyes,219,32.0,3,(x5),1243963,102793276
511,JACKBOYS ,OUT WEST,262,4.0,2,(x1),1618620,102677098
512,Halsey ,Now Or Never,254,0.0,12,0,798523,102516119
513,Jack Harlow ,Tyler Herro,285,7.0,9,0,905350,102414445
514,Marshmello ,FRIENDS,234,0.0,15,0,789940,102354557
515,XXXTENTACION ,Hope,327,1.0,10,0,1443350,102329254
516,Halsey ,Bad At Love,260,0.0,22,0,683397,101922633
517,$uicideboy$ ,...And to Those I Love Thanks for Sticking Around,392,0.0,35,0,441747,101882235
518,Lil Dicky ,Freaky Friday,192,23.0,5,0,1228612,101868561
519,Juice WRLD ,Wasted,268,0.0,20,0,709978,101797919
520,Metro Boomin ,Space Cadet,266,0.0,15,0,937419,101688152
521,Zara Larsson ,Never Forget You,280,1.0,9,0,659192,101316722
522,PARTYNEXTDOOR ,Come and See Me,448,0.0,51,0,312204,101074101
523,Taylor Swift ,All Too Well (10 Minute Version) (Taylor's Version) (From The Vault),205,24.0,1,(x9),3490740,100920020
524,Imagine Dragons ,Enemy,231,70.0,5,0,682385,100835953
525,Perry Como ,It's Beginning to Look a Lot Like Christmas,206,0.0,13,0,2240797,100817505
526,Megan Thee Stallion ,Savage Remix,196,30.0,2,(x1),1772566,100761690
527,Nicky Youre ,Sunroof,238,0.0,19,0,642413,100753638
528,Drake ,Pop Style,280,22.0,3,(x10),1144421,100358319
529,Drake ,Back To Back,410,5.0,10,0,437503,100323465
530,Selena Gomez ,Wolves,212,9.0,3,(x1),1274551,100276358
531,WALK THE MOON ,Shut Up and Dance,480,49.0,5,0,499657,100209488
532,Big Sean ,I Don't Fck With You,532,91.0,2,(x5),422959,99659160
533,Lord Huron ,The Night We Met,405,0.0,43,0,513171,99390592
534,XXXTENTACION ,the remedy for a broken heart (why am I so in love),287,2.0,8,0,1947379,99380590
535,Ritt Momney ,Put Your Records On,277,0.0,13,0,713447,99070218
536,Stephen Sanchez ,Until I Found You,229,0.0,27,0,538505,98647110
537,Charlie Puth ,We Don't Talk Anymore,319,0.0,15,0,671737,98211121
538,Conan Gray ,Maniac,382,0.0,66,0,400847,98117699
539,Major Lazer ,Light It Up,322,0.0,16,0,585856,98079211
540,Blueface ,Thotiana,175,15.0,6,0,1269217,98052157
541,Bad Bunny ,Party,192,6.0,7,0,1576377,97935403
542,Drake ,Rich Flex,55,43.0,1,(x28),5389787,97928728
543,YBN Nahmir ,Bounce Out With That,316,0.0,27,0,621033,97885440
544,Bruno Mars ,Finesse  Remix; feat. Cardi B,181,34.0,2,(x7),1262874,97451275
545,Kane Brown ,Be Like That,302,0.0,24,0,651226,97216562
546,Ariana Grande ,breathin,203,13.0,4,0,1653237,97210521
547,Cage The Elephant ,Cigarette Daydreams,418,0.0,108,0,265431,97198449
548,Jawsh 685 ,Savage Love (Laxed  Sired Beat),204,8.0,7,0,842470,97044129
549,Chuck Berry ,Run Rudolph Run  Single Version,228,0.0,13,0,2106577,96924483
550,G Herbo ,PTSD,317,0.0,29,0,630282,96878801
551,FRENSHIP ,Capsize,282,0.0,21,0,547036,96799483
552,Band Aid ,Do They Know It's Christmas?  1984 Version,204,2.0,7,0,2071624,96606504
553,Juice WRLD ,Hate The Other Side,247,14.0,4,0,2855162,96515557
554,Nicki Minaj ,Super Freaky Girl,137,66.0,2,(x12),1573025,96391022
555,Kanye West ,Flashing Lights,338,0.0,48,0,421366,96363563
556,The Weeknd ,Often,585,5.0,7,0,510308,95876024
557,Young Thug ,Hot,191,17.0,8,0,951762,95787556
558,Lady Gaga ,Rain On Me,209,21.0,1,(x1),2234783,95611004
559,Kane Brown ,Heaven,351,0.0,51,0,463042,95521001
560,Lil Mosey ,Stuck In A Dream,241,6.0,6,0,953948,95475910
561,Eslabon Armado ,Jugaste y Sufrí,278,0.0,22,0,530830,95201278
562,DaBaby ,TOES,238,1.0,8,0,1050000,94674586
563,Sam Smith ,How Do You Sleep?,181,3.0,10,0,870242,94468000
564,Machine Gun Kelly ,Bad Things  With Camila Cabello,210,36.0,7,0,785738,94454737
565,Future ,PUFFIN ON ZOOTIEZ,225,7.0,4,0,1417345,94325787
566,Future ,Fine China,213,7.0,2,(x1),1715989,94225744
567,Kevin Gates ,2 Phones,337,0.0,15,0,598771,94221975
568,Sia ,Chandelier,589,72.0,4,0,358733,94195494
569,Don Toliver ,No Idea,246,0.0,17,0,723629,93790452
570,Drake ,What’s Next,189,22.0,1,(x14),3687689,93677191
571,Playboi Carti ,wokeuplikethis*,325,0.0,52,0,443339,93644916
572,Bad Bunny ,Después de la Playa,177,8.0,3,(x2),2158520,93328473
573,Kane Brown ,What Ifs,381,0.0,45,0,464191,93232207
574,Selena Gomez ,Back To You,234,0.0,15,0,877343,93219297
575,Pop Smoke ,The Woo,215,5.0,3,(x1),1284269,93098286
576,Luis Fonsi ,Despacito (Featuring Daddy Yankee),261,0.0,13,0,786546,93020729
577,Journey ,Don't Stop Believin',419,0.0,82,0,315881,93020470
578,Drake ,Energy,458,31.0,1,(x1),644639,92386459
579,Migos ,Narcos,228,14.0,2,(x2),1634923,92278196
580,Bazzi ,Paradise,251,0.0,18,0,735900,92269595
581,Marshmello ,One Thing Right,238,0.0,14,0,884052,91972872
582,Lil Skies ,i,282,0.0,13,0,860070,91934808
583,Billie Eilish ,i love you,315,0.0,14,0,1195368,91793788
584,Kodak Black ,Codeine Dreaming,218,2.0,10,0,867383,91629494
585,Gunna ,pushin P,156,70.0,2,(x22),1264487,91543896
586,Drake ,Chicago Freestyle,245,3.0,4,0,1961616,91252372
587,Tyler The Creator ,NEW MAGIC WAND,305,1.0,5,0,1537094,91144161
588,Gunna ,DOLLAZ ON MY HEAD,230,1.0,10,0,915411,91048768
589,The Weeknd ,Party Monster,221,24.0,2,(x1),1495895,90931727
590,Luke Combs ,Hurricane,417,0.0,77,0,288140,90807884
591,Selena Gomez ,Good For You,309,87.0,5,0,583377,89918074
592,Fetty Wap ,Again,344,19.0,9,0,502578,89804385
593,Alessia Cara ,Here,323,24.0,8,0,574058,89798695
594,Taylor Swift ,Look What You Made Me Do,163,28.0,1,(x10),3828478,89718682
595,The Weeknd ,Pray For Me,148,35.0,3,(x4),1522363,89699614
596,Young Thug ,Relationship,327,0.0,53,0,426423,89108978
597,JVKE ,golden hour,128,8.0,9,0,951092,89077530
598,Lizzo ,Good As Hell,204,0.0,19,0,765105,88713657
599,KAROL G ,PROVENZA,210,0.0,11,0,708235,88539867
600,Lil Baby ,Never Recover (Lil Baby & Gunna Drake),179,11.0,1,(x1),1813449,88382182
601,Alessia Cara ,Scars To Your Beautiful,264,0.0,24,0,524903,88330659
602,Luke Combs ,The Kind of Love We Make,193,1.0,9,0,972167,88164187
603,Harry Styles ,Lights Up,205,17.0,2,(x2),2027630,87724368
604,Drake ,Gyalchester,215,12.0,3,(x1),1938036,87719286
605,Bad Bunny ,Callaita,255,0.0,37,0,491084,87611768
606,Dua Lipa ,IDGAF,227,0.0,20,0,686770,87357163
607,Zara Larsson ,Lush Life,322,0.0,24,0,421892,87351222
608,J. Cole ,Work Out,346,0.0,96,0,323602,86907626
609,Rich Homie Quan ,Flex (Ooh Ooh Ooh),441,0.0,11,0,423842,86829715
610,Dove Cameron ,Boyfriend,236,2.0,10,0,610722,86719217
611,G,Eazy  Him & I,156,42.0,3,(x2),1038353,86593035
612,Maroon 5 ,Don't Wanna Know,188,31.0,6,0,761274,86541563
613,Tiësto ,Jackie Chan,198,0.0,18,0,880754,86521189
614,Kent Jones ,Don't Mind,197,44.0,7,0,880527,86485934
615,Ed Sheeran ,Castle on the Hill,236,14.0,2,(x1),1464736,86482770
616,BENEE ,Supalonely,176,0.0,18,0,690878,86449441
617,Bailey Zimmerman ,Rock and A Hard Place,201,0.0,22,0,651464,86200828
618,Drake ,Know Yourself,419,21.0,5,0,559563,85852793
619,French Montana ,No Stylist,201,0.0,14,0,937243,85747254
620,SZA ,I Hate U,175,13.0,1,(x6),1615102,85718549
621,Calvin Harris ,One Kiss,176,0.0,17,0,816807,85666961
622,Future ,Where Ya At,447,0.0,24,0,305171,85639079
623,Adele ,Send My Love (To Your New Lover),267,0.0,13,0,621087,85569483
624,Childish Gambino ,Me and Your Mama,271,0.0,14,0,692793,85544703
625,BROCKHAMPTON ,SUGAR,224,0.0,21,0,768037,85393131
626,Camila Cabello ,My Oh My,171,1.0,10,0,905694,85344666
627,Kanye West ,Famous,322,11.0,2,(x1),972754,85209688
628,Starley ,Call On Me  Ryan Riback Extended Remix,227,0.0,21,0,530287,85119903
629,Lauv ,i'm so tired...,205,0.0,22,0,751627,84670678
630,Ellie Goulding ,Close To Me,242,0.0,30,0,661749,84655009
631,XXXTENTACION ,BAD!,147,26.0,2,(x2),2102844,84596862
632,NAV ,Wanted You,236,0.0,23,0,619512,84451429
633,YoungBoy Never Broke Again ,Make No Sense,228,0.0,25,0,613453,84397980
634,6LACK ,PRBLMS,389,0.0,93,0,268283,84279473
635,Juice WRLD ,Smile,196,21.0,2,(x4),1962238,84269938
636,AJR ,Bang!,298,0.0,36,0,464797,84042339
637,Calvin Harris ,Feels,153,10.0,9,0,892294,83941364
638,Kendrick Lamar ,ELEMENT.,188,15.0,3,(x7),2793051,83917996
639,Lil Baby ,Pure Cocaine,247,0.0,21,0,846291,83580799
640,Shawn Mendes ,Mercy,259,0.0,23,0,512743,83334888
641,Travis Scott ,beibs in the trap,375,0.0,95,0,275790,83265953
642,Ariana Grande ,Dangerous Woman,241,8.0,7,0,700593,83265541
643,Taylor Swift ,Lavender Haze,68,31.0,2,(x14),7644139,83226296
644,YG ,Go Loko,182,0.0,14,0,794733,82520209
645,Flume ,Say It,269,0.0,22,0,510552,82337429
646,Jessie J ,Bang Bang,461,77.0,2,(x1),396038,82251994
647,Bruno Mars ,Smokin Out The Window,167,25.0,1,(x3),1963589,82228168
648,Selena Gomez ,Hands To Myself,260,32.0,6,0,669841,82204948
649,Latto ,Big Energy,263,0.0,38,0,412594,82202983
650,Lil Uzi Vert ,Myron,195,7.0,1,(x1),2271346,81140683
651,Ellie Goulding ,Love Me Like You Do,347,74.0,1,(x12),676545,81076476
652,The Chainsmokers ,This Feeling,251,0.0,21,0,820199,80978407
653,Post Malone ,Stay,179,15.0,4,0,2703178,80957121
654,Rihanna ,Love On The Brain,335,0.0,35,0,543206,80925444
655,Kevin Gates ,Really Really,381,0.0,35,0,395758,80866635
656,Future ,F*ck Up Some Commas,549,0.0,42,0,220868,80812830
657,J. Cole ,KOD,160,7.0,1,(x2),4233070,80773017
658,Imagine Dragons ,Natural,216,0.0,21,0,690130,80538052
659,Megan Thee Stallion ,Body,187,1.0,10,0,856830,80338969
660,Eminem ,Lose Yourself,554,1.0,9,0,652490,80284666
661,Chief Keef ,Love Sosa,318,0.0,41,0,395268,80223782
662,Ayo & Teo ,Rolex,271,0.0,31,0,530153,80064354
663,YBN Nahmir ,Rubbin Off The Paint,263,0.0,47,0,480042,79621979
664,Taylor Swift ,Midnight Rain,68,30.0,3,(x14),5987889,79514355
665,Tee Grizzley ,First Day Out,336,0.0,67,0,325093,79440420
666,Daya ,Hide Away,305,0.0,14,0,490562,79375110
667,Bad Bunny ,Neverita,213,0.0,13,0,1399198,79303751
668,Lil Baby ,Sum 2 Prove,225,0.0,16,0,851468,79172412
669,Pop Smoke ,Hello,257,0.0,29,0,499091,79167125
670,Big Sean ,Moves,243,5.0,8,0,887512,79110320
671,Ruth B. ,Dandelions,290,0.0,66,0,339445,79089363
672,Rich The Kid ,Splashin,183,0.0,21,0,674282,79057026
673,Dua Lipa ,Break My Heart,190,1.0,7,0,971615,78970082
674,Luke Combs ,Beer Never Broke My Heart,296,0.0,32,0,569096,78948456
675,Jessica Darrow ,Surface Pressure,136,60.0,3,(x1),1003606,78691499
676,XXXTENTACION ,Arms Around You,154,12.0,2,(x1),1592205,78640068
677,21 Savage ,Runnin,203,10.0,1,(x1),2166325,78639389
678,Kesha ,Praying,236,0.0,15,0,711322,78594034
679,Post Malone ,Paranoid,137,25.0,1,(x1),3694438,78582762
680,Kanye West ,Praise God,213,5.0,6,0,2438681,78568531
681,J. Cole ,Neighbors,294,8.0,3,(x2),1898670,77926846
682,Gabby Barrett ,I Hope,313,0.0,69,0,346938,77883408
683,Fall Out Boy ,Centuries,497,4.0,9,0,329550,77847863
684,Becky G ,MAMIII,216,1.0,9,0,678178,77685438
685,Ariana Grande ,Stuck with U,196,10.0,1,(x2),2365819,77527054
686,OMI ,Cheerleader (Felix Jaehn Remix),268,80.0,2,(x15),728553,77317485
687,KYLE ,Playinwitme,186,0.0,21,0,753908,76991101
688,Kanye West ,All Mine,137,17.0,1,(x4),2757615,76972755
689,Maroon 5 ,Beautiful Mistakes,190,0.0,27,0,619022,76939291
690,Lil Uzi Vert ,Sauce It Up,238,1.0,6,0,1051878,76926735
691,Alessia Cara ,How Far I'll Go,250,0.0,18,0,557999,76752001
692,Drake ,Still Here,279,0.0,15,0,642304,76042372
693,Megan Thee Stallion ,Tht Sht,155,2.0,10,0,903858,75741224
694,Lil Uzi Vert ,P2,148,14.0,2,(x3),1922227,75685447
695,Rae Sremmurd ,No Type,522,0.0,11,0,330170,75658607
696,Jason Derulo ,Want to Want Me,347,73.0,4,0,554586,75507123
697,Travis Scott ,Goosebumps  Remix,217,0.0,32,0,498270,75462580
698,David Guetta ,I'm Good (Blue),124,32.0,8,0,846229,75294822
699,Drake ,Girls Want Girls,136,14.0,1,(x2),6146233,75092582
700,Jason Derulo ,Swalla,209,0.0,32,0,574089,75063678
701,Eartha Kitt ,Santa Baby,189,0.0,22,0,1712483,75057398
702,Alessia Cara ,Wild Things,230,0.0,20,0,524887,75034774
703,Nick Jonas ,Close,182,0.0,13,0,658150,75001886
704,Bad Bunny ,Tarot,172,2.0,10,0,1639773,74979912
705,The Chainsmokers ,All We Know,178,35.0,7,0,837948,74922652
706,Drake ,Big Rings,305,0.0,13,0,406675,74818115
707,Gucci Mane ,Both,282,0.0,35,0,473873,74752496
708,Thomas Rhett ,Die A Happy Man,425,0.0,34,0,293571,74721719
709,J. Cole ,m y . l i f e,173,7.0,1,(x1),4075637,74605156
710,Drake ,Legend,439,13.0,4,0,546994,74560528
711,Lil Uzi Vert ,New Patek,161,10.0,1,(x1),1812305,74465767
712,Flo Rida ,GDFR,338,77.0,4,0,464052,74323833
713,Logic ,Everyday,185,8.0,4,0,1481252,74094592
714,Marc E. Bassy ,You & Me,214,0.0,16,0,619529,74019535
715,Billie Eilish ,bellyache,257,0.0,39,0,522259,73988829
716,The Rare Occasions ,Notion,240,0.0,33,0,468246,73881354
717,Darlene Love ,Christmas (Baby Please Come Home),127,0.0,14,0,2503153,73684954
718,Polo G ,Flex,194,0.0,18,0,690330,73669856
719,Young M.A ,OOOUUU,218,0.0,14,0,594385,73663117
720,Justin Bieber ,Lonely,181,8.0,6,0,964623,73289055
721,Selena Gomez ,Same Old Love,226,15.0,9,0,538465,73255863
722,G,Eazy  I Mean It,551,0.0,58,0,210930,73181646
723,Jonas Blue ,Fast Car,218,0.0,24,0,497089,72978752
724,Chance the Rapper ,Hot Shower,193,3.0,6,0,1145939,72612798
725,Lil Baby ,On Me,200,0.0,26,0,494284,72577214
726,Post Malone ,SaintTropez,111,25.0,2,(x4),3330184,72506541
727,Taylor Swift ,Maroon,67,26.0,3,(x1),6847851,72491704
728,Timeflies ,Once In a While,242,0.0,35,0,431255,72312385
729,DJ Khaled ,No Brainer,118,18.0,3,(x1),1510233,72279841
730,Kygo ,Stay,252,0.0,19,0,432401,72139250
731,Lil Uzi Vert ,That Way  Bonus Track,173,12.0,3,(x4),1612464,72092494
732,Clean Bandit ,Rockabye,242,0.0,26,0,491930,71984836
733,Drake ,0 To 100 / The Catch Up,512,0.0,17,0,225729,71827840
734,Mykola Dmytrovych Leontovych ,Carol of the Bells,195,0.0,16,0,1503257,71706814
735,Post Malone ,Rich & Sad,144,11.0,5,0,3071762,71663340
736,Morgan Wallen ,Thought You Should Know,230,0.0,14,0,1392859,71563009
737,Jon Bellion ,All Time Low,206,0.0,16,0,701388,71474224
738,Lil Uzi Vert ,Futsal Shuffle 2020,86,31.0,1,(x7),2596025,71462560
739,Drake ,Don’t Matter To Me,101,21.0,2,(x4),3466023,71300622
740,Drake ,Mob Ties,133,8.0,5,0,3859100,71016033
741,Drake ,Sneakin’,165,11.0,4,0,976423,71004017
742,Troye Sivan ,YOUTH,249,0.0,18,0,484289,70909568
743,Baby Keem ,ORANGE SODA,240,0.0,52,0,470236,70880266
744,AJR ,Weak,254,0.0,26,0,487994,70880026
745,Kanye West ,Hurricane,123,16.0,1,(x3),3313993,70820755
746,Rauw Alejandro ,Todo De Ti,161,0.0,14,0,818279,70548618
747,A Boogie Wit da Hoodie ,Startender,154,0.0,15,0,838288,70472180
748,Macklemore ,Glorious,176,0.0,19,0,720249,70465882
749,Kodak Black ,No Flockin,366,0.0,64,0,250355,70434887
750,Young Thug ,Bad Bad Bad,154,5.0,7,0,1085341,70324546
751,J. Cole ,Deja Vu,166,17.0,1,(x6),2518901,70162237
752,Juice WRLD ,Conversations,132,14.0,1,(x1),3452709,70155691
753,Beyoncé ,CUFF IT,152,2.0,6,0,1388259,70035649
754,Ariana Grande ,imagine,125,8.0,2,(x1),2083605,69998700
755,Thomas Rhett ,Unforgettable,268,0.0,35,0,552787,69984146
756,Khalid ,Saved,352,0.0,107,0,256160,69815909
757,Camila Cabello ,Bam Bam,188,0.0,15,0,561180,69714662
758,Nardo Wick ,Who Want Smoke??,197,0.0,19,0,544100,69700770
759,PnB Rock ,Selfish,307,1.0,4,0,974217,69647971
760,Lil Tecca ,Ransom,188,0.0,18,0,805754,69645813
761,The Weeknd ,Stargirl Interlude,209,0.0,22,0,612149,69531121
762,Robin Schulz ,Sugar,304,0.0,27,0,366223,69518913
763,City Girls ,Act Up,236,0.0,61,0,404314,69423378
764,Kendrick Lamar ,N95,137,7.0,1,(x6),4972590,69261483
765,DJ Khaled ,EVERY CHANCE I GET,187,0.0,18,0,700416,69197219
766,James Bay ,Let It Go,389,0.0,53,0,289633,69021629
767,Taylor Swift ,Karma,67,21.0,4,0,5182717,68987192
768,YNW Melly ,Suicidal (Remix),197,0.0,21,0,882055,68953277
769,Metro Boomin ,10 Freaky Girls,159,3.0,7,0,1054273,68910633
770,Yung Gravy ,Betty (Get Money),149,0.0,15,0,680508,68763185
771,Lil Nas X ,HOLIDAY,164,0.0,11,0,702722,68601292
772,MadeinTYO ,Uber Everywhere,294,0.0,32,0,397437,68560327
773,Taylor Swift ,cardigan,152,15.0,1,(x6),3937822,68550662
774,Fetty Wap ,My Way,293,8.0,10,0,449305,68534872
775,Neon Trees ,Everybody Talks,304,0.0,114,0,255596,68460789
776,Taylor Swift ,You're On Your Own Kid,67,18.0,5,0,6074375,68091952
777,Ariana Grande ,boyfriend,120,19.0,1,(x1),2080337,68075759
778,Mustard ,Baguettes in the Face,182,0.0,32,0,579774,68006179
779,Ella Mai ,Boo'd Up,192,0.0,24,0,737115,67988376
780,WILLOW ,t r a n s p a r e n t s o u l feat. Travis Barker,179,0.0,19,0,691053,67979967
781,Beyoncé ,7/11,455,15.0,9,0,343149,67910109
782,Trippie Redd ,Topanga,161,2.0,10,0,1161478,67871555
783,Post Malone ,Spoil My Night,120,14.0,3,(x1),3318588,67636137
784,Tay,K  The Race,221,0.0,33,0,564819,67561106
785,Clairo ,Sofia,215,0.0,25,0,501578,67460841
786,Taylor Swift ,Lover,129,21.0,1,(x7),2639428,67263883
787,Halsey ,You should be sad,133,1.0,10,0,1186977,67248866
788,Meghan Trainor ,All About That Bass,291,94.0,1,(x34),550471,67151753
789,Rihanna ,Btch Better Have My Money,362,4.0,6,0,437640,67108696
790,Justin Bieber ,Yummy,118,15.0,2,(x2),1863557,66838785
791,Megan Thee Stallion ,Cash Sht,228,0.0,56,0,395408,66804083
792,Megan Thee Stallion ,Savage,147,22.0,8,0,876040,66785378
793,Future ,Selfish,159,0.0,21,0,689625,66567231
794,Taylor Swift ,Snow On The Beach,66,14.0,3,(x1),6719156,66545287
795,One Direction ,Drag Me Down,234,27.0,1,(x1),1172195,66521288
796,Lil Tecca ,Did It Again,164,0.0,18,0,715007,66171892
797,Ellie Goulding ,On My Mind,204,18.0,8,0,564148,66115839
798,Justin Bieber ,Hold On,145,9.0,3,(x3),1387228,66083944
799,Old Dominion ,One Man Band,248,0.0,63,0,380219,66055536
800,Morgan Wallen ,Somebody’s Problem,170,13.0,2,(x1),1344731,65697045
801,Justin Bieber ,Anyone,145,11.0,1,(x3),1054190,65472657
802,Nicki Minaj ,Only,404,48.0,5,0,410679,65470534
803,2 Chainz ,4 AM,195,0.0,19,0,674422,65418520
804,Ella Mai ,Trip,196,0.0,35,0,590514,65368178
805,Chris Brown ,Under The Influence,142,0.0,21,0,641846,65353666
806,Florida Georgia Line ,H.O.L.Y.,304,0.0,48,0,349143,64970810
807,J. Cole ,p r i d e . i s . t h e . d e v i l,157,7.0,2,(x1),3545460,64787724
808,The Weeknd ,In Your Eyes,150,10.0,3,(x4),2005612,64759227
809,Kodak Black ,Transportin',209,0.0,30,0,567313,64739053
810,Bazzi ,I.F.L.Y.,202,0.0,26,0,544234,64730494
811,Taylor Swift ,Bejeweled,67,18.0,8,0,5096200,64685828
812,Brett Young ,In Case You Didn't Know,316,0.0,94,0,253291,64657606
813,Taylor Swift ,willow,135,15.0,1,(x6),3645354,64646281
814,NLE Choppa ,Shotta Flow (Feat. Blueface) [Remix],154,0.0,18,0,611587,64529726
815,Coldplay ,Hymn for the Weekend  Seeb Remix,201,0.0,28,0,481775,64502923
816,Bad Bunny ,LA NOCHE DE ANOCHE,208,1.0,5,0,993418,64450937
817,ZAYN ,Dusk Till Dawn,158,0.0,15,0,764030,64438774
818,Jason Aldean ,You Make It Easy,241,0.0,70,0,381990,64374823
819,Polo G ,Go Stupid,171,0.0,22,0,713664,64303528
820,Lil Yachty ,One Night,298,0.0,39,0,387261,64228675
821,Loud Luxury ,Body,179,0.0,22,0,674679,64219434
822,Marshmello ,Be Kind,172,0.0,13,0,1164780,64216454
823,Halsey ,Graveyard,155,0.0,12,0,1152883,64202847
824,Omarion ,Post to Be,341,0.0,16,0,384620,64187302
825,Lil Uzi Vert ,Just Wanna Rock,73,18.0,5,0,1030822,64099524
826,Bad Bunny ,La Corriente,172,0.0,14,0,1395658,63877667
827,Cheat Codes ,No Promises,230,0.0,50,0,478508,63729152
828,SZA ,The Weekend,265,0.0,75,0,310749,63699242
829,The Weeknd ,I Was Never There,185,5.0,5,0,2082119,63562499
830,Cardi B ,Be Careful,135,6.0,9,0,1175624,63512782
831,Drake ,Summer Sixteen,225,5.0,9,0,623803,63425374
832,BTS ,Butter,121,1.0,10,0,1917442,63425107
833,David Guetta ,2U,121,6.0,8,0,1014314,63383451
834,Quavo ,WORKIN ME,168,0.0,27,0,805382,63244762
835,The Lumineers ,Ophelia,370,0.0,43,0,344295,63226678
836,Maroon 5 ,Animals,323,78.0,2,(x13),357602,62902009
837,Kodak Black ,Calling My Spirit,161,0.0,27,0,690871,62881019
838,Daya ,Sit Still Look Pretty,262,0.0,53,0,314723,62564123
839,J. Cole ,G.O.M.D.,548,0.0,20,0,239212,62257754
840,Tears For Fears ,Everybody Wants To Rule The World,193,0.0,44,0,400855,62256647
841,Taylor Swift ,Delicate,198,0.0,20,0,835863,62239023
842,Cole Swindell ,She Had Me At Heads Carolina,179,0.0,33,0,476894,62230449
843,The Jackson 5 ,Santa Claus Is Coming To Town,132,0.0,16,0,1761495,62212319
844,Dean Martin ,Baby It's Cold Outside,160,0.0,27,0,1465503,62187665
845,Young Thug ,Hot (Remix),129,3.0,6,0,919980,62164819
846,Bad Bunny ,Vete,166,2.0,5,0,1196381,62061796
847,24kGoldn ,VALENTINO,183,0.0,41,0,482635,61991694
848,Marshmello ,Here With Me,158,0.0,15,0,802016,61927000
849,Yeat ,Monëy so big,180,0.0,25,0,464173,61764389
850,Kehlani ,Nights Like This,156,0.0,19,0,787196,61626885
851,Mariah Carey ,Christmas (Baby Please Come Home),152,0.0,31,0,1309666,61505577
852,Thomas Rhett ,Marry Me,212,0.0,52,0,446281,61358111
853,Logic ,Homicide,120,14.0,1,(x7),2720770,61353496
854,The Beach Boys ,Little Saint Nick  1991 Remix,142,0.0,16,0,2345032,61339064
855,YK Osiris ,Worth It,221,0.0,68,0,365266,61209429
856,CKay ,love nwantiti (ah ah ah),188,0.0,27,0,509139,61186051
857,DJ Khaled ,For Free,183,0.0,15,0,568776,61140237
858,DaBaby ,Goin Baby,214,0.0,59,0,404398,61101678
859,Trippie Redd ,Taking A Walk,170,1.0,6,0,1243239,61035074
860,21 Savage ,Mr. Right Now,147,15.0,2,(x1),2026968,61032599
861,NAV ,Tap,191,0.0,46,0,521319,61001749
862,Lizzo ,Juice,195,0.0,57,0,435950,60823106
863,Taylor Swift ,exile,133,15.0,2,(x4),3829002,60795539
864,Calvin Harris ,Rollin,138,0.0,14,0,805408,60647021
865,Snakehips ,All My Friends,258,0.0,36,0,401981,60593190
866,Clean Bandit ,Rather Be,393,0.0,11,0,290140,60562179
867,Harry Styles ,Matilda,142,14.0,3,(x4),2881699,60459436
868,Bryson Tiller ,Sorry Not Sorry,359,0.0,46,0,286638,60434896
869,Bad Bunny ,Un Ratito,154,3.0,9,0,1731264,60425066
870,Surf Mesa ,ily,186,0.0,46,0,468351,60238195
871,Selena Gomez ,Bad Liar,133,2.0,7,0,1149683,60028652
872,Tory Lanez ,LUV,196,0.0,14,0,664467,60001746
873,Bruno Mars ,Talking to the Moon,242,0.0,56,0,341216,59926571
874,Elley Duhé ,MIDDLE OF THE NIGHT,180,0.0,32,0,436972,59878312
875,Joel Adams ,Please Don't Go,182,0.0,29,0,463865,59849309
876,Nat King Cole ,Joy To The World,157,0.0,28,0,1465869,59827161
877,Charlie Puth ,Light Switch,180,2.0,6,0,859606,59716970
878,The Weeknd ,Reminder,245,7.0,9,0,895385,59620662
879,Calvin Harris ,How Deep Is Your Love,271,0.0,19,0,396175,59463594
880,Nirvana ,Smells Like Teen Spirit  Remastered,247,0.0,116,0,281143,59317872
881,Fifth Harmony ,Worth It,300,0.0,13,0,391863,59256843
882,Queen ,Don't Stop Me Now  Remastered,242,0.0,60,0,354346,59228501
883,Desiigner ,Tiimmy Turner,189,0.0,20,0,555851,59015382
884,Kodak Black ,Too Many Years,273,0.0,61,0,308283,59001162
885,Rihanna ,FourFiveSeconds,353,24.0,4,0,624581,58968144
886,Drake ,Childs Play,239,0.0,22,0,591382,58873542
887,Ed Sheeran ,Galway Girl,169,8.0,2,(x1),1192214,58839949
888,Ski Mask The Slump God ,Nuketown,147,0.0,13,0,990451,58800265
889,Beyoncé ,BREAK MY SOUL,115,15.0,2,(x2),1990829,58766150
890,The Weeknd ,Acquainted,407,0.0,13,0,437153,58655818
891,Lil Tjay ,Headshot,147,0.0,17,0,744087,58609240
892,Olivia Rodrigo ,enough for you,105,14.0,5,0,2366217,58572337
893,Meghan Trainor ,Like I'm Gonna Lose You,297,0.0,17,0,391599,58460209
894,Cardi B ,Please Me,131,1.0,10,0,1339719,58439781
895,Martin Garrix ,Scared to Be Lonely,153,0.0,17,0,617137,58399197
896,Noah Kahan ,Stick Season,168,0.0,33,0,484740,58383443
897,Silentó ,Watch Me (Whip / Nae Nae),242,22.0,8,0,475998,58353609
898,21 Savage ,Ghostface Killers,142,7.0,2,(x1),1268794,58263736
899,XXXTENTACION ,whoa (mind in awe),114,8.0,1,(x1),2064041,58262282
900,Lil Baby ,The Bigger Picture,130,14.0,3,(x3),1140438,58137365
901,Eminem ,River,121,7.0,2,(x4),1167659,58089002
902,Rod Wave ,Heart On Ice,211,0.0,48,0,424562,58076050
903,The Kid LAROI ,SO DONE,158,0.0,12,0,710839,58029449
904,Juice WRLD ,Black & White,242,0.0,24,0,686852,58028285
905,Trey Songz ,Slow Motion,367,0.0,16,0,366481,58002051
906,Rae Sremmurd ,Come Get Her,379,0.0,34,0,278853,57995873
907,Rae Sremmurd ,This Could Be Us,339,0.0,20,0,371328,57990446
908,Logic ,Everybody,212,0.0,17,0,902208,57990129
909,Post Malone ,Cooped Up,108,7.0,4,0,1692613,57988999
910,Lil Uzi Vert ,Erase Your Social,268,0.0,52,0,298133,57980501
911,Alec Benjamin ,Let Me Down Slowly,161,0.0,33,0,594243,57970760
912,Harry Styles ,Music For a Sushi Restaurant,114,14.0,3,(x3),3399921,57916775
913,Twenty One Pilots ,Tear in My Heart,477,0.0,53,0,176115,57900229
914,Dennis Lloyd ,Nevermind,177,0.0,31,0,618929,57848143
915,Miley Cyrus ,Malibu,144,9.0,7,0,1192630,57775138
916,Fifth Harmony ,All In My Head (Flex),160,0.0,23,0,523697,57664256
917,Taylor Swift ,ME!,158,0.0,19,0,1104555,57391669
918,Ariana Grande ,Love Me Harder,278,78.0,2,(x8),391481,57285175
919,Shawn Mendes ,In My Blood,141,2.0,5,0,1242334,57174877
920,Tainy ,Lo Siento BB:/,199,1.0,9,0,761684,57135915
921,Harry Styles ,Golden,201,1.0,6,0,1403497,57121273
922,The Weeknd ,After Hours,102,16.0,2,(x7),2309285,57062099
923,Social House ,Magic In The Hamptons,220,0.0,76,0,382674,57010632
924,Hailee Steinfeld ,Most Girls,209,0.0,51,0,478067,56922479
925,Pop Smoke ,Got It On Me,144,0.0,14,0,772282,56866811
926,KAROL G ,Tusa,159,0.0,34,0,621631,56824409
927,ERNEST ,Flower Shops,214,0.0,34,0,420148,56799282
928,Taylor Swift ,...Ready For It?,144,8.0,1,(x2),1597419,56613807
929,Lil Baby ,Freestyle,195,0.0,51,0,400272,56582499
930,R. City ,Locked Away,220,10.0,8,0,465664,56578381
931,NLE Choppa ,Shotta Flow,172,0.0,43,0,485102,56536653
932,Lil Wayne ,Uproar,134,6.0,3,(x1),3113147,56468238
933,GoldLink ,Crew,263,0.0,103,0,267875,56458549
934,The Weeknd ,In The Night,230,0.0,17,0,448766,56444533
935,Marshmello ,Leave Before You Love Me,170,0.0,43,0,449891,56427745
936,Sam Smith ,I'm Not The Only One,167,124.0,2,(x16),488205,56402815
937,Lil Wayne ,Mona Lisa,85,14.0,1,(x7),4444027,56354529
938,Taylor Swift ,Vigilante Sht,56,11.0,7,0,5696233,56313777
939,Steve Lacy ,Static,131,0.0,22,0,593606,56250712
940,Meek Mill ,All Eyes on You,258,0.0,11,0,448477,56247567
941,Harry Styles ,Sign of the Times,141,0.0,17,0,918584,56208852
942,Hailee Steinfeld ,Love Myself,227,0.0,14,0,424056,56086741
943,Kanye West ,Waves,252,0.0,14,0,587368,55997889
944,Shawn Mendes ,I Know What You Did Last Summer,178,0.0,12,0,500452,55906852
945,Young Stoner Life ,Solid,131,6.0,3,(x1),1643152,55875922
946,Charlie Puth ,How Long,163,0.0,36,0,552498,55860013
947,Post Malone ,Hollywood's Bleeding,102,14.0,4,0,3027413,55584164
948,6ix9ine ,KIKA,123,7.0,2,(x1),1616022,55520510
949,Future ,Wicked,218,0.0,32,0,407393,55381955
950,NAV ,Myself,265,0.0,90,0,278370,55379514
951,John Legend ,All of Me,478,0.0,28,0,247616,55369178
952,Cigarettes After Sex ,Apocalypse,170,0.0,42,0,402317,55292647
953,Megan Thee Stallion ,Sweetest Pie,169,6.0,2,(x1),936045,55276845
954,Daddy Yankee ,Con Calma,175,0.0,43,0,524382,55166149
955,Topic ,Breaking Me,176,0.0,46,0,436346,55109344
956,DaBaby ,Baby Sitter,182,0.0,55,0,414755,55095664
957,Katy Perry ,Never Really Over,126,1.0,10,0,1027556,55067804
958,Roddy Ricch ,Start Wit Me,148,0.0,41,0,571755,55018380
959,Saweetie ,My Type,175,0.0,43,0,465578,55014809
960,Tate McRae ,she's all i wanna be,163,1.0,10,0,716119,54992060
961,Tove Lo ,Talking Body,260,4.0,8,0,470463,54890193
962,Quavo ,HOTEL LOBBY (Unc & Phew),164,0.0,41,0,555956,54850356
963,Aminé ,REEL IT IN,160,0.0,37,0,554869,54739294
964,DJ Khaled ,GREECE,127,2.0,9,0,1081321,54717916
965,Taylor Swift ,august,146,7.0,6,0,2840040,54625767
966,Ariana Grande ,pov,119,11.0,6,0,1537730,54533829
967,Mike Perry ,The Ocean,166,0.0,35,0,451353,54469375
968,Megan Thee Stallion ,Girls in the Hood,182,0.0,23,0,576312,54466651
969,Baby Keem ,HONEST,151,0.0,30,0,447259,54102820
970,Alan Walker ,Faded,245,0.0,38,0,326390,54100218
971,DDG ,Moonwalking in Calabasas,177,0.0,36,0,495420,54093363
972,J. Cole ,She Knows,218,0.0,69,0,323664,54059288
973,Vundabar ,Alien Blues,172,0.0,27,0,461330,54041374
974,Billie Eilish ,all the good girls go to hell,151,5.0,3,(x1),1817790,53993006
975,Coldplay ,My Universe,165,1.0,8,0,946374,53947652
976,6ix9ine ,GOOBA,112,12.0,3,(x4),1512145,53917148
977,Childish Gambino ,3005,547,0.0,37,0,253876,53853351
978,Tee Grizzley ,From The D To The A,267,0.0,93,0,282746,53814866
979,Ariana Grande ,NASA,102,9.0,3,(x5),2947263,53660003
980,Post Malone ,Motley Crew,115,13.0,3,(x3),1695072,53597602
981,Bebe Rexha ,I'm a Mess,203,0.0,63,0,383316,53309228
982,The Chainsmokers ,Who Do You Love,160,0.0,28,0,796933,53239474
983,SZA ,Shirt,62,6.0,8,0,1930964,53203148
984,Maren Morris ,The Bones,187,0.0,51,0,470810,53108609
985,Drake ,10 Bands,329,12.0,5,0,536440,52875134
986,Tory Lanez ,Say It,283,0.0,33,0,321101,52744672
987,Jack Harlow ,Nail Tech,110,23.0,2,(x2),1135997,52488297
988,Juice WRLD ,Life's A Mess,114,14.0,3,(x1),3094307,52474709
989,6ix9ine ,GUMMO,174,0.0,48,0,519071,52433571
990,Drake ,Signs,122,7.0,7,0,1048149,52311258
991,YFN Lucci ,Everyday We Lit,245,0.0,95,0,253281,52259968
992,Dua Lipa ,We're Good,154,1.0,10,0,695072,52250269
993,Megan Thee Stallion ,Cry Baby,158,0.0,32,0,552142,51989339
994,Lil Baby ,Close Friends (Lil Baby & Gunna),200,0.0,41,0,632381,51946627
995,Tai Verdes ,AOK,167,0.0,35,0,451540,51926588
996,Ed Sheeran ,Don't,328,0.0,15,0,245898,51816937
997,Lil Nas X ,Rodeo,104,10.0,7,0,1196792,51788566
998,YoungBoy Never Broke Again ,Outside Today,189,0.0,74,0,427688,51700652
999,Taylor Swift ,Question...?,49,7.0,8,0,5519609,51647553
1000,Bad Bunny ,Safaera,151,0.0,30,0,769149,51612770
1001,Harry Styles ,Daylight,113,13.0,5,0,2833429,51560617